<?xml version="1.0" encoding="UTF-8"?>
<!DOCTYPE mapper PUBLIC "-//mybatis.org//DTD Mapper 3.0//EN" "http://mybatis.org/dtd/mybatis-3-mapper.dtd">
<mapper namespace="org.springblade.modules.ttdf.mapper.ClhsjMapper">

    <!-- 通用查询映射结果 -->
    <resultMap id="clhsjResultMap" type="org.springblade.modules.ttdf.vo.ClhsjVO">
        <id column="id" property="id"/>
        <result column="qm" property="qm"/>
        <result column="zm" property="zm"/>
        <result column="hbjl" property="hbjl"/>
        <result column="bcdl" property="bcdl"/>
        <result column="dfje" property="dfje"/>
        <result column="ssje" property="ssje"/>
        <result column="jffs" property="jffs"/>
        <result column="sfrq" property="sfrq"/>
        <result column="dfny" property="dfny"/>
        <result column="yhbh" property="yhbh"/>
        <result column="dbbh" property="dbbh"/>
        <result column="blx" property="blx"/>
        <result column="yddz" property="yddz"/>
        <result column="yys" property="yys"/>
        <result column="qy" property="qy"/>
        <result column="yhmc" property="yhmc"/>
    </resultMap>


    <select id="selectClhsjPage" resultMap="clhsjResultMap">
        SELECT t1.id, t1.qm, t1.zm, t1.hbjl, t1.bcdl, t1.dfje, t1.ssje, t1.jffs, t1.sfrq, t1.dfny, t1.yhbh, t1.dbbh, t1.blx,
        t1.yddz, t1.yys, t1.yhmc, t1.qy
        FROM ttdf_clhsj t1
        WHERE 1=1
        <if test="clhsj.yhbh!=null and clhsj.yhbh !=''">
            and t1.yhbh like concat(concat('%', #{clhsj.yhbh}),'%')
        </if>
        <if test="clhsj.dfny!=null and clhsj.dfny !=''">
            and t1.dfny like concat(concat('%', #{clhsj.dfny}),'%')
        </if>
        <if test="clhsj.hbjl!=null and clhsj.hbjl !=''">
            and t1.hbjl != null
        </if>
        <if test="clhsj.qy!=null and clhsj.qy !=''">
            and t1.qy = #{clhsj.qy}
        </if>
        <if test="clhsj.yys!=null and clhsj.yys !=''">
            and t1.yys like concat(concat('%', #{clhsj.yys}),'%')
        </if>
        <if test="clhsj.yddz!=null and clhsj.yddz !=''">
            and t1.yddz like concat(concat('%', #{clhsj.yddz}),'%')
        </if>
        <if test="clhsj.dbbh!=null and clhsj.dbbh !=''">
            and t1.dbbh like concat(concat('%', #{clhsj.dbbh}),'%')
        </if>
        order by t1.yhbh
    </select>


    <resultMap id="tjResultMap" type="java.util.Map">
        <result column="qy" property="qy"/>
        <result column="dl" property="dl"/>
        <result column="jine" property="jine"/>
    </resultMap>
    <select id="hzqdtj" resultMap="tjResultMap">
        select t1.qy,SUM(t1.bcdl) as dl,SUM(t1.ssje) as jine from ttdf_clhsj t1
        where 1=1
        <if test="dfny!=null">
            and t1.dfny like concat('%',#{dfny},'%')
        </if>
        GROUP BY t1.qy
    </select>


    <resultMap id="ycResultMap" type="java.util.Map">
        <result column="yhbh" property="yhbh"/>
    </resultMap>
    <select id="dlyc" resultMap="ycResultMap">
        SELECT yhbh,qy FROM
        (SELECT
        id,
        yhbh,
        qm,
        zm,
        hbjl,
        bcdl,
        dfje,
        ssje,
        jffs,
        sfrq,
        dfny,
        yys,
        qy,
        dbbh,
        blx,
        yddz,
        yhmc,
        LAG(bcdl, 1) OVER(PARTITION BY yhbh ORDER BY sfrq) sydl,
        ROUND(ABS(100 * (bcdl - LAG(bcdl, 1) OVER(PARTITION BY yhbh ORDER BY sfrq)) / LAG(bcdl, 1) OVER(PARTITION BY yhbh ORDER BY sfrq)),2)  hbsAlias
        FROM
        ttdf_clhsj
        ) t where 1=1
        <if test="dfny!=null">
            and t.dfny like concat('%',#{dfny},'%')
        </if>
            and (t.bcdl &lt; 100 or t.hbsAlias &gt; 20)

    </select>
</mapper>
