<?xml version="1.0" encoding="UTF-8"?>
<!DOCTYPE mapper PUBLIC "-//mybatis.org//DTD Mapper 3.0//EN" "http://mybatis.org/dtd/mybatis-3-mapper.dtd">
<mapper namespace="org.springblade.modules.ttdf.mapper.DzpjMapper">

    <!-- 通用查询映射结果 -->
    <resultMap id="dzpjResultMap" type="org.springblade.modules.ttdf.entity.Dzpj">
        <id column="id" property="id"/>
        <result column="qy" property="qy"/>
        <result column="dfny" property="dfny"/>
        <result column="title" property="title"/>
        <result column="dl" property="dl"/>
        <result column="jine" property="jine"/>
    </resultMap>


    <resultMap id="dzpjVoResultMap" type="org.springblade.modules.ttdf.vo.DzpjVO">
        <id column="id" property="id"/>
        <result column="qy" property="qy"/>
        <result column="dfny" property="dfny"/>
        <result column="title" property="title"/>
        <result column="dl" property="dl"/>
        <result column="jine" property="jine"/>

        <result column="dlZJ" property="dlZJ"/>
        <result column="jineZJ" property="jineZJ"/>
        <result column="dlZhiGong" property="dlZhiGong"/>
        <result column="jineZhiGong" property="jineZhiGong"/>
        <result column="dlZhuanGong" property="dlZhuanGong"/>
        <result column="jineZhuanGong" property="jineZhuanGong"/>
    </resultMap>

    <select id="selectDzpjPage" resultMap="dzpjVoResultMap">
        SELECT t.*, ROUND(t1.dlZhiGong,2) as dlZhiGong,ROUND(t1.jineZhiGong,2) AS jineZhiGong,
        ROUND(t1.dlZhuanGong,2) as dlZhuanGong,ROUND(t1.jineZhuanGong,2) AS jineZhuanGong,
        ROUND( t1.dlZJ, 2 ) AS dlZJ,
        ROUND( t1.jineZJ, 2 ) AS jineZJ FROM ttdf_dzpj t left join
        (
        select t.qy,t.dfny, SUM(IF(t.gdfs='直供电', t.bcdl, 0)) as dlZhiGong, SUM(IF(t.gdfs='直供电', t.ssje, 0)) as jineZhiGong,
        SUM(IF(t.gdfs='转供电', t.bcdl, 0)) as dlZhuanGong, SUM(IF(t.gdfs='转供电', t.ssje, 0)) as jineZhuanGong,
        SUM(t.bcdl) as dlZJ, SUM(t.ssje) as jineZJ
        from ttdf_clhsj t
        WHERE 1=1
        <if test="dzpj.dfny!=null and dzpj.dfny !=''">
            and t.dfny like concat(concat('%', #{dzpj.dfny}),'%')
        </if>
        GROUP BY t.qy,t.dfny
        ) t1 on t.dfny=t1.dfny and t.qy=t1.qy
        where 1=1
        <if test="dzpj.qy!=null and dzpj.qy !=''">
            and t1.qy = #{dzpj.qy}
        </if>
        <if test="dzpj.dfny!=null and dzpj.dfny !=''">
            and t.dfny like concat(concat('%', #{dzpj.dfny}),'%')
        </if>
    </select>

    <resultMap id="maxId" type="java.lang.Integer">
        <id column="id" property="id"/>
    </resultMap>
    <select id="selectMaxId" resultMap="maxId">
        select MAX(id) as id from ttdf_dzpj
    </select>

</mapper>
