<?xml version="1.0" encoding="UTF-8"?>
<!DOCTYPE mapper PUBLIC "-//mybatis.org//DTD Mapper 3.0//EN" "http://mybatis.org/dtd/mybatis-3-mapper.dtd">
<mapper namespace="org.springblade.modules.ttdf.mapper.FjMapper">

    <!-- 通用查询映射结果 -->
    <resultMap id="fjResultMap" type="org.springblade.modules.ttdf.entity.Fj">
        <id column="id" property="id"/>
        <result column="name" property="name"/>
        <result column="url" property="url"/>
        <result column="type" property="type"/>
        <result column="yw_id" property="ywId"/>
    </resultMap>


    <select id="selectFjPage" resultMap="fjResultMap">
        select * from ttdf_fj where is_deleted = 0
    </select>

</mapper>
