<?xml version="1.0" encoding="UTF-8"?>
<!DOCTYPE mapper PUBLIC "-//mybatis.org//DTD Mapper 3.0//EN" "http://mybatis.org/dtd/mybatis-3-mapper.dtd">
<mapper namespace="org.springblade.modules.ttdf.mapper.GdxxClgcMapper">

    <!-- 通用查询映射结果 -->
    <resultMap id="gdxxClgcResultMap" type="org.springblade.modules.ttdf.entity.GdxxClgc">
        <id column="id" property="id"/>
        <result column="status" property="status"/>
        <result column="gd_id" property="gdId"/>
        <result column="add_time" property="addTime"/>
        <result column="chuliren" property="chuliren"/>
        <result column="chuli_neirong" property="chuliNeirong"/>
        <result column="shenheren" property="shenheren"/>
        <result column="shenhe_neirong" property="shenheNeirong"/>
    </resultMap>


    <select id="selectGdxxClgcPage" resultMap="gdxxClgcResultMap">
        select * from ttdf_gdxx_clgc where is_deleted = 0
    </select>

</mapper>
