<?xml version="1.0" encoding="UTF-8"?>
<!DOCTYPE mapper PUBLIC "-//mybatis.org//DTD Mapper 3.0//EN" "http://mybatis.org/dtd/mybatis-3-mapper.dtd">
<mapper namespace="org.springblade.modules.ttdf.mapper.GdxxMapper">

    <!-- 通用查询映射结果 -->
    <resultMap id="gdxxResultMap" type="org.springblade.modules.ttdf.entity.Gdxx">
        <id column="id" property="id"/>
        <result column="status" property="status"/>
        <result column="type" property="type"/>
        <result column="ycsj_id" property="ycsjId"/>
        <result column="add_time" property="addTime"/>
        <result column="qy" property="qy"/>
        <result column="title" property="title"/>
        <result column="sj" property="sj"/>
        <result column="status" property="status"/>
    </resultMap>


    <select id="selectGdxxPage" resultMap="gdxxResultMap">
        select t.* from ttdf_gdxx t where 1 = 1
        <if test="gdxx.status!=null">
            and t.status = #{gdxx.status}
        </if>
        <if test="gdxx.qy!=null">
            and t.qy = #{gdxx.qy}
        </if>
        <if test="gdxx.sj!=null">
            and t.sj like concat('%',#{gdxx.sj},'%')
        </if>
    </select>

</mapper>
