<?xml version="1.0" encoding="UTF-8"?>
<!DOCTYPE mapper PUBLIC "-//mybatis.org//DTD Mapper 3.0//EN" "http://mybatis.org/dtd/mybatis-3-mapper.dtd">
<mapper namespace="org.springblade.modules.ttdf.mapper.JcsjMapper">

    <!-- 通用查询映射结果 -->
    <resultMap id="jcsjResultMap" type="org.springblade.modules.ttdf.entity.Jcsj">
        <id column="id" property="id"/>
        <result column="yhbh" property="yhbh"/>
        <result column="ccbh" property="ccbh"/>
        <result column="blx" property="blx"/>
        <result column="yddz" property="yddz"/>
    </resultMap>


    <select id="selectJcsjPage" resultMap="jcsjResultMap">
        select * from ttdf_jcsj where 1 = 1
    </select>

</mapper>
