<?xml version="1.0" encoding="UTF-8"?>
<!DOCTYPE mapper PUBLIC "-//mybatis.org//DTD Mapper 3.0//EN" "http://mybatis.org/dtd/mybatis-3-mapper.dtd">
<mapper namespace="org.springblade.modules.ttdf.mapper.QzxxMapper">

    <!-- 通用查询映射结果 -->
    <resultMap id="qzxxResultMap" type="org.springblade.modules.ttdf.entity.Qzxx">
        <id column="id" property="id"/>
        <result column="zzbm" property="zzbm"/>
        <result column="zhm" property="zhm"/>
        <result column="yys_zhm" property="yysZhm"/>
        <result column="qy" property="qy"/>
        <result column="yys" property="yys"/>
        <result column="jingdu" property="jingdu"/>
        <result column="weidu" property="weidu"/>
        <result column="sxsj" property="sxsj"/>
        <result column="dqsj" property="dqsj"/>
        <result column="sj" property="sj"/>
        <result column="status" property="status"/>
        <result column="xxdz" property="xxdz"/>
        <result column="jflx" property="jflx"/>
    </resultMap>


    <select id="selectQzxxPage" resultMap="qzxxResultMap">
        select zzbm,zhm,qy,yys,sj,`status`,xxdz,jflx from ttdf_qzxx
        where 1 = 1 and zzbm is not null
        <if test="qzxx.qy!=null and qzxx.qy !=''">
            and qy = #{qzxx.qy}
        </if>
        <if test="qzxx.sj!=null and qzxx.sj !=''">
            and sj like concat(concat('%', #{qzxx.sj}),'%')
        </if>

        <if test="qzxx.zzbm!=null and qzxx.zzbm !=''">
            and zzbm like concat(concat('%', #{qzxx.zzbm}),'%')
        </if>
        <if test="qzxx.zhm!=null and qzxx.zhm !=''">
            and zhm like concat(concat('%', #{qzxx.zhm}),'%')
        </if>
        <if test="qzxx.yys!=null and qzxx.yys !=''">
            and yys like concat(concat('%', #{qzxx.yys}),'%')
        </if>
        <if test="qzxx.status!=null and qzxx.status =='已起租'">
            and status like concat(concat('%', '已起租'),'%')
        </if>
        <if test="qzxx.status!=null and qzxx.status =='未起租'">
            and status not like concat(concat('%', '已起租'),'%')
        </if>
        ORDER BY sj desc, qy, zzbm
    </select>





    <resultMap id="ycResultMap" type="java.util.Map">
        <result column="zdbm" property="zdbm"/>
        <result column="zhm" property="zhm"/>
        <result column="sj" property="sj"/>
        <result column="tzftxx" property="tzftxx"/>
        <result column="qzxx" property="qzxx"/>
        <result column="status" property="status"/>
        <result column="qzxx" property="qzxx"/>
        <result column="yhbh" property="yhbh"/>
    </resultMap>
    <select id="wjndf" resultMap="ycResultMap">
        SELECT t.zzbm as zdbm, t.qy,t.zhm,t.`status`, GROUP_CONCAT(t.yys) as yys FROM
            (
                select DISTINCT zzbm, zhm,`status`,yys,qy from ttdf_qzxx
                WHERE `status`='已起租' and jflx!='无机房' and jflx is not null
                    <if test="sj!=null and sj !=''">
                        and sj like concat(concat('%', #{sj}),'%')
                    </if>
            ) t
        where t.zzbm not IN
              (
                  select zdbm from ttdf_tzxx
          where 1=1
                <if test="sj!=null and sj !=''">
                    and yf like concat(concat('%', #{sj}),'%')
                </if>
              )
        GROUP BY t.zzbm,t.zhm,t.`status`, t.qy
        order by t.zzbm
    </select>
    <select id="wqzyjf" resultMap="ycResultMap">
        select distinct t.zdbm,t.qy  from ttdf_tzxx t
        where t.zdbm not in
              (
                  select DISTINCT zzbm from ttdf_qzxx
                  WHERE `status`='已起租'
                    <if test="sj!=null and sj !=''">
                        and sj like concat(concat('%', #{sj}),'%')
                    </if>
              )
        <if test="sj!=null and sj !=''">
            and t.yf like concat(concat('%', #{sj}),'%')
        </if>
    </select>


    <resultMap id="selectResultMap" type="java.util.Map">
        <result column="zhm" property="zhm"/>
        <result column="zzbm" property="zzbm"/>
    </resultMap>
    <select id="queryZzbm" resultMap="selectResultMap">
        select distinct zzbm from ttdf_qzxx
        where 1=1
        <if test="zhm!=null">
            and zhm like concat('%',#{zhm},'%')
        </if>
        <if test="zzbm!=null">
            and zzbm like concat('%',#{zzbm},'%')
        </if>
    </select>
    <select id="queryZhm" resultMap="selectResultMap">
        select distinct zhm from ttdf_qzxx
        where 1=1
        <if test="zhm!=null">
            and zhm like concat('%',#{zhm},'%')
        </if>
        <if test="zzbm!=null">
            and zzbm like concat('%',#{zzbm},'%')
        </if>
    </select>
</mapper>
