<?xml version="1.0" encoding="UTF-8"?>
<!DOCTYPE mapper PUBLIC "-//mybatis.org//DTD Mapper 3.0//EN" "http://mybatis.org/dtd/mybatis-3-mapper.dtd">
<mapper namespace="org.springblade.modules.ttdf.mapper.TzftxxTempMapper">

    <!-- 通用查询映射结果 -->
    <resultMap id="tzftxxTempResultMap" type="org.springblade.modules.ttdf.vo.TzftxxTempVO">
        <result column="status" property="status"/>
        <result column="id" property="id"/>
        <result column="yw_xh" property="ywXh"/>
        <result column="yhbh" property="yhbh"/>
        <result column="dbbh" property="dbbh"/>
        <result column="qy" property="qy"/>
        <result column="yf" property="yf"/>
        <result column="zdbm" property="zdbm"/>
        <result column="zhm" property="zhm"/>
        <result column="ftxs" property="ftxs"/>
        <result column="sfytzyw" property="sfytzyw"/>
        <result column="yys" property="yys"/>
        <result column="gdfs" property="gdfs"/>
        <result column="jczj" property="jczj"/>
        <result column="yd4G" property="yd4g"/>
        <result column="lt4G" property="lt4g"/>
        <result column="dx4G" property="dx4g"/>
        <result column="tzywjs" property="tzywjs"/>
        <result column="yd5G" property="yd5g"/>
        <result column="lt5G" property="lt5g"/>
        <result column="dx5G" property="dx5g"/>
        <result column="zjftbl" property="zjftbl"/>
        <result column="ydftbl4G" property="ydftbl4g"/>
        <result column="ltftbl4G" property="ltftbl4g"/>
        <result column="dxftbl4G" property="dxftbl4g"/>
        <result column="tzywbl" property="tzywbl"/>
        <result column="ydftbl5G" property="ydftbl5g"/>
        <result column="ltftbl5G" property="ltftbl5g"/>
        <result column="dxftbl5G" property="dxftbl5g"/>
        <result column="yzdb" property="yzdb"/>
        <result column="ybdz" property="ybdz"/>
        <result column="bzybyz" property="bzybyz"/>
        <result column="ddlcbh" property="ddlcbh"/>
        <result column="wgfzr" property="wgfzr"/>
        <result column="add_time" property="addTime"/>
        <result column="shenhe_time" property="shenheTime"/>
        <result column="shenhe_content" property="shenheContent"/>
        <result column="add_user" property="addUser"/>
        <result column="add_user_name" property="addUserName"/>
    </resultMap>


    <select id="selectTzftxxTempPage" resultMap="tzftxxTempResultMap">
        select t1.*, t2.real_name as add_user_name from ttdf_tzftxx_temp t1
        left join blade_user t2 on t1.add_user=t2.id
        where 1 = 1
        <if test="tzftxxTemp.status!=null and tzftxxTemp.status !=''">
            and t1.status = #{tzftxxTemp.status}
        </if>
        <if test="tzftxxTemp.qy!=null and tzftxxTemp.qy !=''">
            and t1.qy = #{tzftxxTemp.qy}
        </if>
        <if test="tzftxxTemp.yhbh!=null and tzftxxTemp.yhbh !=''">
            and t1.yhbh like concat(concat('%', #{tzftxxTemp.yhbh}),'%')
        </if>

        <if test="tzftxxTemp.yys!=null and tzftxxTemp.yys !=''">
            and t1.yys like concat(concat('%', #{tzftxxTemp.yys}),'%')
        </if>
        <if test="tzftxxTemp.zdbm!=null and tzftxxTemp.zdbm !=''">
            and t1.zdbm like concat(concat('%', #{tzftxxTemp.zdbm}),'%')
        </if>
        <if test="tzftxxTemp.zhm!=null and tzftxxTemp.zhm !=''">
            and t1.zhm like concat(concat('%', #{tzftxxTemp.zhm}),'%')
        </if>
        <if test="tzftxxTemp.sfytzyw!=null and tzftxxTemp.sfytzyw !=''">
            and t1.sfytzyw = #{tzftxxTemp.sfytzyw}
        </if>

        <if test="tzftxxTemp.gdfs!=null and tzftxxTemp.gdfs !=''">
            and t1.gdfs = #{tzftxxTemp.gdfs}
        </if>
        <if test="tzftxxTemp.yzdb!=null and tzftxxTemp.yzdb !=''">
            and t1.yzdb = #{tzftxxTemp.yzdb}
        </if>
        <if test="tzftxxTemp.ybdz!=null and tzftxxTemp.ybdz !=''">
            and t1.ybdz = #{tzftxxTemp.ybdz}
        </if>

        <if test="tzftxxTemp.dbbh!=null and tzftxxTemp.dbbh !=''">
            and t1.dbbh like concat(concat('%', #{tzftxxTemp.dbbh}),'%')
        </if>
        order by t1.add_time desc
    </select>

    <update id="updateStatus">
        update ttdf_tzftxx_temp set status=#{status}
        where 1=1 and status = 0
        <if test="id!=null">
            and id = #{id}
        </if>
        <if test="addTime!=null">
            and add_time = #{addTime}
        </if>
    </update>
</mapper>
