<?xml version="1.0" encoding="UTF-8"?>
<!DOCTYPE mapper PUBLIC "-//mybatis.org//DTD Mapper 3.0//EN" "http://mybatis.org/dtd/mybatis-3-mapper.dtd">
<mapper namespace="org.springblade.modules.ttdf.mapper.TzftxxMapper">

    <!-- 通用查询映射结果 -->
    <resultMap id="tzftxxResultMap" type="org.springblade.modules.ttdf.entity.Tzftxx">
        <id column="id" property="id"/>
        <result column="yw_xh" property="ywXh"/>
        <result column="yhbh" property="yhbh"/>
        <result column="dbbh" property="dbbh"/>
        <result column="qy" property="qy"/>
        <result column="yf" property="yf"/>
        <result column="zdbm" property="zdbm"/>
        <result column="zhm" property="zhm"/>
        <result column="ftxs" property="ftxs"/>
        <result column="sfytzyw" property="sfytzyw"/>
        <result column="yys" property="yys"/>
        <result column="gdfs" property="gdfs"/>
        <result column="jczj" property="jczj"/>
        <result column="yd4G" property="yd4g"/>
        <result column="lt4G" property="lt4g"/>
        <result column="dx4G" property="dx4g"/>
        <result column="tzywjs" property="tzywjs"/>
        <result column="yd5G" property="yd5g"/>
        <result column="lt5G" property="lt5g"/>
        <result column="dx5G" property="dx5g"/>
        <result column="zjftbl" property="zjftbl"/>
        <result column="ydftbl4G" property="ydftbl4g"/>
        <result column="ltftbl4G" property="ltftbl4g"/>
        <result column="dxftbl4G" property="dxftbl4g"/>
        <result column="tzywbl" property="tzywbl"/>
        <result column="ydftbl5G" property="ydftbl5g"/>
        <result column="ltftbl5G" property="ltftbl5g"/>
        <result column="dxftbl5G" property="dxftbl5g"/>
        <result column="yzdb" property="yzdb"/>
        <result column="ybdz" property="ybdz"/>
        <result column="bzybyz" property="bzybyz"/>
        <result column="ddlcbh" property="ddlcbh"/>
        <result column="wgfzr" property="wgfzr"/>
    </resultMap>


    <select id="selectTzftxxPage" resultMap="tzftxxResultMap">
        select t1.* from ttdf_tzftxx t1
        where 1 = 1

        <if test="tzftxx.qy!=null and tzftxx.qy !=''">
            and t1.qy = #{tzftxx.qy}
        </if>
        <if test="tzftxx.yhbh!=null and tzftxx.yhbh !=''">
            and t1.yhbh like concat(concat('%', #{tzftxx.yhbh}),'%')
        </if>
        <if test="tzftxx.yf!=null and tzftxx.yf !=''">
            and t1.yf like concat(concat('%', #{tzftxx.yf}),'%')
        </if>
        <if test="tzftxx.yys!=null and tzftxx.yys !=''">
            and t1.yys like concat(concat('%', #{tzftxx.yys}),'%')
        </if>
        <if test="tzftxx.zdbm!=null and tzftxx.zdbm !=''">
            and t1.zdbm like concat(concat('%', #{tzftxx.zdbm}),'%')
        </if>
        <if test="tzftxx.zhm!=null and tzftxx.zhm !=''">
            and t1.zhm like concat(concat('%', #{tzftxx.zhm}),'%')
        </if>
        <if test="tzftxx.sfytzyw!=null and tzftxx.sfytzyw !=''">
            and t1.sfytzyw = #{tzftxx.sfytzyw}
        </if>

        <if test="tzftxx.gdfs!=null and tzftxx.gdfs !=''">
            and t1.gdfs = #{tzftxx.gdfs}
        </if>
        <if test="tzftxx.yzdb!=null and tzftxx.yzdb !=''">
            and t1.yzdb = #{tzftxx.yzdb}
        </if>
        <if test="tzftxx.ybdz!=null and tzftxx.ybdz !=''">
            and t1.ybdz = #{tzftxx.ybdz}
        </if>

        <if test="tzftxx.dbbh!=null and tzftxx.dbbh !=''">
            and t1.dbbh like concat(concat('%', #{tzftxx.dbbh}),'%')
        </if>


        order by t1.yw_xh,t1.yhbh
    </select>

    <select id="listByYhbh" resultMap="tzftxxResultMap">
        select t1.* from ttdf_tzftxx t1
        where 1 = 1
        <if test="yhbh!=null and yhbh !=''">
            and t1.yhbh like concat(concat('%', #{yhbh}),'%')
        </if>
        <if test="yf!=null and yf !=''">
            and t1.yf like concat(concat('%', #{yf}),'%')
        </if>
    </select>

    <resultMap id="ycResultMap" type="java.util.Map">
        <result column="zdbm" property="zdbm"/>
        <result column="zhm" property="zhm"/>
        <result column="sj" property="sj"/>
        <result column="tzftxx" property="tzftxx"/>
        <result column="qzxx" property="qzxx"/>
        <result column="status" property="status"/>
        <result column="qy" property="qy"/>
    </resultMap>
    <select id="pageYC" resultMap="ycResultMap">
        SELECT t1.zdbm,t1.qy,t2.zhm,t2.sj,t1.yys_code as tzftxx, t2.yys_code as qzxx,t3.status FROM
        (
        SELECT
        t.zdbm,
        t.qy,
        t.yys,
        IF( locate( '移动', t.yys )> 0, 4, 0 )+
        IF( locate( '联通', t.yys )> 0, 2, 0 )+
        IF( locate( '电信', t.yys )> 0, 1, 0 ) AS yys_code
        FROM
        ( SELECT t.zdbm,t.qy, GROUP_CONCAT( t.yys ) AS yys FROM ttdf_tzftxx
            t GROUP BY t.zdbm,t.qy ) t
        ) t1
        INNER JOIN
        (
        SELECT
        t.zzbm,
        t.zhm,
        t.sj,
        t.yys,
        IF( locate( '移动', t.yys ) &gt; 0, 4, 0 )+
        IF( locate( '联通', t.yys ) &gt; 0, 2, 0 )+
        IF( locate( '电信', t.yys ) &gt; 0, 1, 0 ) AS yys_code
        FROM
        v_qzxx t
        where 1=1
        <if test="yf!=null and yf !=''">
            and t.sj like concat(concat('%', #{yf}),'%')
        </if>
        ) t2 on t1.zdbm=t2.zzbm left join ttdf_ycxx t3 on t3.yw_id=zdbm
        where t1.yys_code != t2.yys_code
    </select>





    <resultMap id="selectResultMap" type="java.util.Map">
        <result column="yhbh" property="yhbh"/>
        <result column="dbbh" property="dbbh"/>
        <result column="zhm" property="zhm"/>
        <result column="zdbm" property="zdbm"/>
    </resultMap>
    <select id="queryYhbh" resultMap="selectResultMap">
        select distinct yhbh from ttdf_tzftxx
        where 1=1
        <if test="yhbh!=null">
            and yhbh like concat('%',#{yhbh},'%')
        </if>
        <if test="dbbh!=null">
            and dbbh like concat('%',#{dbbh},'%')
        </if>
        <if test="zhm!=null">
            and zhm like concat('%',#{zhm},'%')
        </if>
        <if test="zdbm!=null">
            and zdbm like concat('%',#{zdbm},'%')
        </if>
    </select>
    <select id="queryDbbh" resultMap="selectResultMap">
        select distinct dbbh from ttdf_tzftxx
        where 1=1
        <if test="yhbh!=null">
            and yhbh like concat('%',#{yhbh},'%')
        </if>
        <if test="dbbh!=null">
            and dbbh like concat('%',#{dbbh},'%')
        </if>
        <if test="zhm!=null">
            and zhm like concat('%',#{zhm},'%')
        </if>
        <if test="zdbm!=null">
            and zdbm like concat('%',#{zdbm},'%')
        </if>
    </select>
    <select id="queryZhm" resultMap="selectResultMap">
        select distinct zhm from ttdf_tzftxx
        where 1=1
        <if test="yhbh!=null">
            and yhbh like concat('%',#{yhbh},'%')
        </if>
        <if test="dbbh!=null">
            and dbbh like concat('%',#{dbbh},'%')
        </if>
        <if test="zhm!=null">
            and zhm like concat('%',#{zhm},'%')
        </if>
        <if test="zdbm!=null">
            and zdbm like concat('%',#{zdbm},'%')
        </if>
    </select>
    <select id="queryZdbm" resultMap="selectResultMap">
        select distinct zdbm from ttdf_tzftxx
        where 1=1
        <if test="yhbh!=null">
            and yhbh like concat('%',#{yhbh},'%')
        </if>
        <if test="dbbh!=null">
            and dbbh like concat('%',#{dbbh},'%')
        </if>
        <if test="zhm!=null">
            and zhm like concat('%',#{zhm},'%')
        </if>
        <if test="zdbm!=null">
            and zdbm like concat('%',#{zdbm},'%')
        </if>
    </select>
</mapper>
