<?xml version="1.0" encoding="UTF-8"?>
<!DOCTYPE mapper PUBLIC "-//mybatis.org//DTD Mapper 3.0//EN" "http://mybatis.org/dtd/mybatis-3-mapper.dtd">
<mapper namespace="org.springblade.modules.ttdf.mapper.TzxxMapper">

    <!-- 通用查询映射结果 -->
    <resultMap id="tzxxResultMap" type="org.springblade.modules.ttdf.entity.Tzxx">
        <id column="id" property="id"/>
        <result column="gds" property="gds"/>
        <result column="yhbh" property="yhbh"/>
        <result column="dbbh" property="dbbh"/>
        <result column="qy" property="qy"/>
        <result column="yf" property="yf"/>
        <result column="zdbm" property="zdbm"/>
        <result column="zhm" property="zhm"/>
        <result column="ftxs" property="ftxs"/>
        <result column="yys" property="yys"/>
        <result column="gdfs" property="gdfs"/>
        <result column="jczj" property="jczj"/>
        <result column="yd4g" property="yd4g"/>
        <result column="lt4g" property="lt4g"/>
        <result column="dx4g" property="dx4g"/>
        <result column="tzywjs" property="tzywjs"/>
        <result column="yd5g" property="yd5g"/>
        <result column="lt5g" property="lt5g"/>
        <result column="dx5g" property="dx5g"/>
        <result column="zjftbl" property="zjftbl"/>
        <result column="ydftbl4g" property="ydftbl4g"/>
        <result column="ltftbl4g" property="ltftbl4g"/>
        <result column="dxftbl4g" property="dxftbl4g"/>
        <result column="tzywbl" property="tzywbl"/>
        <result column="ydftbl5g" property="ydftbl5g"/>
        <result column="ltftbl5g" property="ltftbl5g"/>
        <result column="dxftbl5g" property="dxftbl5g"/>
        <result column="sccbrq" property="sccbrq"/>
        <result column="bccbrq" property="bccbrq"/>
        <result column="scbs" property="scbs"/>
        <result column="zm" property="zm"/>
        <result column="ydl" property="ydl"/>
        <result column="jine" property="jine"/>
        <result column="ftxszdje" property="ftxszdje"/>
        <result column="jydfl" property="jydfl"/>
        <result column="dfft_yd4g" property="dfftYd4g"/>
        <result column="dfft_lt4g" property="dfftLt4g"/>
        <result column="dfft_dx4g" property="dfftDx4g"/>
        <result column="dfft_tzyw" property="dfftTzyw"/>
        <result column="dfft_yd5g" property="dfftYd5g"/>
        <result column="dfft_lt5g" property="dfftLt5g"/>
        <result column="dfft_dx5g" property="dfftDx5g"/>
        <result column="dfft_hjdf" property="dfftHjdf"/>
        <result column="dlft_yd4g" property="dlftYd4g"/>
        <result column="dlft_lt4g" property="dlftLt4g"/>
        <result column="dlft_dx4g" property="dlftDx4g"/>
        <result column="dlft_tzyw" property="dlftTzyw"/>
        <result column="dlft_yd5g" property="dlftYd5g"/>
        <result column="dlft_lt5g" property="dlftLt5g"/>
        <result column="dlft_dx5g" property="dlftDx5g"/>
        <result column="dlft_hjdf" property="dlftHjdf"/>
        <result column="fthdf_yd4g" property="fthdfYd4g"/>
        <result column="fthdf_lt4g" property="fthdfLt4g"/>
        <result column="fthdf_dx4g" property="fthdfDx4g"/>
        <result column="fthdf_tzyw" property="fthdfTzyw"/>
        <result column="fthdf_yd5g" property="fthdfYd5g"/>
        <result column="fthdf_lt5g" property="fthdfLt5g"/>
        <result column="fthdf_dx5g" property="fthdfDx5g"/>
        <result column="fthnwf_yd" property="fthnwfYd"/>
        <result column="fthnwf_lt" property="fthnwfLt"/>
        <result column="fthnwf_dx" property="fthnwfDx"/>
        <result column="fthnwf_tzyw" property="fthnwfTzyw"/>
        <result column="fthnwf_hj" property="fthnwfHj"/>
        <result column="sfyz_yd4g" property="sfyzYd4g"/>
        <result column="sfyz_lt4g" property="sfyzLt4g"/>
        <result column="sfyz_dx4g" property="sfyzDx4g"/>
        <result column="sfyz_yd5g" property="sfyzYd5g"/>
        <result column="sfyz_lt5g" property="sfyzLt5g"/>
        <result column="sfyz_dx5g" property="sfyzDx5g"/>
        <result column="sfyz_zj" property="sfyzZj"/>
        <result column="sfyz_yd4g_ft" property="sfyzYd4gFt"/>
        <result column="sfyz_lt4g_ft" property="sfyzLt4gFt"/>
        <result column="sfyz_dx4g_ft" property="sfyzDx4gFt"/>
        <result column="sfyz_tzny_ft" property="sfyzTznyFt"/>
        <result column="sfyz_yd5g_ft" property="sfyzYd5gFt"/>
        <result column="sfyz_lt5g_ft" property="sfyzLt5gFt"/>
        <result column="sfyz_dx5g_ft" property="sfyzDx5gFt"/>
        <result column="sfyz_fthj" property="sfyzFthj"/>
        <result column="yzdb" property="yzdb"/>
        <result column="ybdz" property="ybdz"/>
        <result column="bzybyz" property="bzybyz"/>
        <result column="ddlcbh" property="ddlcbh"/>
        <result column="wgfzr" property="wgfzr"/>
    </resultMap>


    <select id="sctzList1" resultMap="tzxxResultMap">
        SELECT t2.*, t1.qm as scbs, t1.zm as zm,t1.bcdl as ydl, t1.ssje as jine,t1.yys as gds
        FROM ttdf_clhsj t1
        inner join ttdf_tzftxx t2 on t1.yhbh=t2.yhbh
        where  1=1 and t1.gdfs='直供电'
        <if test="dfny!=null and dfny !=''">
            and t1.dfny = #{dfny} and t2.yf = #{dfny}
        </if>
    </select>

    <select id="sctzList2" resultMap="tzxxResultMap">
        SELECT t2.*, t1.qm as scbs, t1.zm as zm,t1.bcdl as ydl, t1.ssje as jine,t1.yys as gds
        FROM ttdf_clhsj t1
                 inner join ttdf_tzftxx t2 on t1.dbbh=t2.dbbh
        where  1=1 and t1.gdfs='转供电'
        <if test="dfny!=null and dfny !=''">
            and t1.dfny = #{dfny} and t2.yf = #{dfny}
        </if>
    </select>

    <select id="selectTzxxPage" resultMap="tzxxResultMap">

        SELECT t1.*
        FROM ttdf_tzxx t1
        where  1=1
        <if test="tzxx.qy!=null and tzxx.qy !=''">
            and t1.qy = #{tzxx.qy}
        </if>
        <if test="tzxx.yf!=null and tzxx.yf !=''">
            and t1.yf = #{tzxx.yf}
        </if>
        <if test="tzxx.yhbh!=null and tzxx.yhbh !=''">
            and t1.yhbh like concat(concat('%', #{tzxx.yhbh}),'%')
        </if>

        <if test="tzxx.yys!=null and tzxx.yys !=''">
            and t1.yys like concat(concat('%', #{tzxx.yys}),'%')
        </if>
        <if test="tzxx.zdbm!=null and tzxx.zdbm !=''">
            and t1.zdbm like concat(concat('%', #{tzxx.zdbm}),'%')
        </if>
        <if test="tzxx.zhm!=null and tzxx.zhm !=''">
            and t1.zhm like concat(concat('%', #{tzxx.zhm}),'%')
        </if>

        <if test="tzxx.gdfs!=null and tzxx.gdfs !=''">
            and t1.gdfs = #{tzxx.gdfs}
        </if>
        <if test="tzxx.yzdb!=null and tzxx.yzdb !=''">
            and t1.yzdb = #{tzxx.yzdb}
        </if>
        <if test="tzxx.ybdz!=null and tzxx.ybdz !=''">
            and t1.ybdz = #{tzxx.ybdz}
        </if>

        <if test="tzxx.dbbh!=null and tzxx.dbbh !=''">
            and t1.dbbh like concat(concat('%', #{tzxx.dbbh}),'%')
        </if>


    </select>



    <resultMap id="tjResultMap" type="java.util.Map">
        <result column="yd_df_fentan" property="ydDfFentan"/>
        <result column="lt_df_fentan" property="ltDfFentan"/>
        <result column="dx_df_fentan" property="dxDfFentan"/>
        <result column="tzyw_df_fentan" property="tzywDfFentan"/>
        <result column="yd_dl_fentan" property="ydDlFentan"/>
        <result column="lt_dl_fentan" property="ltDlFentan"/>
        <result column="dx_dl_fentan" property="dxDlFentan"/>
        <result column="tzyw_dl_fentan" property="tzywDlFentan"/>

        <result column="zj_df_fentan" property="zjDfFentan"/>
        <result column="df_wfentan" property="dfWfentan"/>
        <result column="zj_dl_fentan" property="zjDlFentan"/>
        <result column="dl_wfentan" property="dlWfentan"/>
    </resultMap>
    <select id="tzxxtj" resultMap="tjResultMap">
        SELECT
        IF(ROUND(sum(t.sfyz_yd4g_ft)+sum(t.sfyz_yd5g_ft),2) is null,0, ROUND(sum(t.sfyz_yd4g_ft)+sum(t.sfyz_yd5g_ft),2))  as yd_df_fentan,
        IF(ROUND(sum(t.sfyz_lt4g_ft)+sum(t.sfyz_lt5g_ft),2) is null,0, ROUND(sum(t.sfyz_lt4g_ft)+sum(t.sfyz_lt5g_ft),2))  as lt_df_fentan,
        IF(ROUND(sum(t.sfyz_dx4g_ft)+sum(t.sfyz_dx5g_ft),2) is null,0, ROUND(sum(t.sfyz_dx4g_ft)+sum(t.sfyz_dx5g_ft),2))  as dx_df_fentan,
        IF(ROUND(sum(sfyz_tzny_ft),2) is null,0, ROUND(sum(sfyz_tzny_ft),2))  as tzyw_df_fentan,
        IF(ROUND(sum(sfyz_fthj),2) is null,0, ROUND(sum(sfyz_fthj),2))  as zj_df_fentan,
        IF(ROUND(SUM(IF(t.jczj=0, t.sfyz_fthj, 0)),2) is null,0, ROUND(SUM(IF(t.jczj=0, t.sfyz_fthj, 0)),2))  as df_wfentan,

        IF(ROUND(sum(t.dlft_yd4g)+sum(t.dlft_yd5g),2) is null,0, ROUND(sum(t.dlft_yd4g)+sum(t.dlft_yd5g),2))  as yd_dl_fentan,
        IF(ROUND(sum(t.dlft_lt4g)+sum(t.dlft_lt5g),2) is null,0, ROUND(sum(t.dlft_lt4g)+sum(t.dlft_lt5g),2))  as lt_dl_fentan,
        IF(ROUND(sum(t.dlft_dx4g)+sum(t.dlft_dx5g),2) is null,0, ROUND(sum(t.dlft_dx4g)+sum(t.dlft_dx5g),2))  as dx_dl_fentan,
        IF(ROUND(sum(dlft_tzyw),2) is null,0, ROUND(sum(dlft_tzyw),2))  as tzyw_dl_fentan,
        IF(ROUND(sum(dlft_hjdf),2) is null,0, ROUND(sum(dlft_hjdf),2))  as zj_dl_fentan,
        IF(ROUND(SUM(IF(t.jczj=0, t.dlft_hjdf, 0)),2) is null,0, ROUND(SUM(IF(t.jczj=0, t.dlft_hjdf, 0)),2))  as dl_wfentan
        FROM
        ttdf_tzxx t
        where 1=1
        <if test="yf!=null and yf !=''">
            and t.yf = #{yf}
        </if>
        <if test="qy!=null and qy !=''">
            and t.qy = #{qy}
        </if>
    </select>


    <resultMap id="tjResultMapByQy" type="java.util.Map">
        <result column="yd_df_fentan" property="ydDfFentan"/>
        <result column="lt_df_fentan" property="ltDfFentan"/>
        <result column="dx_df_fentan" property="dxDfFentan"/>
        <result column="tzyw_df_fentan" property="tzywDfFentan"/>
        <result column="yd_dl_fentan" property="ydDlFentan"/>
        <result column="lt_dl_fentan" property="ltDlFentan"/>
        <result column="dx_dl_fentan" property="dxDlFentan"/>
        <result column="tzyw_dl_fentan" property="tzywDlFentan"/>

        <result column="zj_df_fentan" property="zjDfFentan"/>
        <result column="df_wfentan" property="dfWfentan"/>
        <result column="zj_dl_fentan" property="zjDlFentan"/>
        <result column="dl_wfentan" property="dlWfentan"/>
        <result column="qy" property="qy"/>
    </resultMap>
    <select id="tzxxtjByQy" resultMap="tjResultMapByQy">
        SELECT t.qy, ROUND(sum(t.sfyz_yd4g_ft)+sum(t.sfyz_yd5g_ft)+sum(t.sfyz_lt4g_ft)+
                           sum(t.sfyz_lt5g_ft)+sum(t.sfyz_dx4g_ft)+sum(t.sfyz_dx5g_ft),2) as df_fentan
        FROM
        ttdf_tzxx t
        where 1=1
        <if test="yf!=null">
            and t.yf like concat('%',#{yf},'%')
        </if>
        GROUP BY t.qy
    </select>


    <select id="exportTzxx" resultType="org.springblade.modules.ttdf.excel.TzxxExcel">
        SELECT * FROM ttdf_tzxx
        where 1=1
        <if test="yf!=null and yf !=''">
            and yf = #{yf}
        </if>
    </select>

    <select id="exportQrd" resultType="org.springblade.modules.ttdf.excel.TzxxExcel">
        SELECT * FROM ttdf_tzxx
        where 1=1
        <if test="yf!=null and yf !=''">
            and yf = #{yf}
        </if>
        <if test="yys!=null and yys =='联通'">
            AND (
            yys LIKE concat( '%', #{yys}, '%' )
            OR (sfyz_lt4g_ft != '0'
            and sfyz_lt4g_ft != '0.00' )
            OR (sfyz_lt5g_ft != '0'
            and sfyz_lt5g_ft != '0.00'))
        </if>

        <if test="yys!=null and yys =='电信'">
            AND (
            yys LIKE concat( '%', #{yys}, '%' )
            OR (sfyz_dx4g_ft != '0'
            and sfyz_dx4g_ft != '0.00' )
            OR (sfyz_dx5g_ft != '0'
            and sfyz_dx5g_ft != '0.00'))
        </if>
        <if test="yys!=null and yys =='移动'">
            AND (
            yys LIKE concat( '%', #{yys}, '%' )
            OR (sfyz_yd4g_ft != '0'
            and sfyz_yd4g_ft != '0.00' )
            OR (sfyz_yd5g_ft != '0'
            and sfyz_yd5g_ft != '0.00'))
        </if>

        <if test="dfftDx4g!=null and dfftDx4g !=''">
            and (dfft_dx4g != '0' and dfft_dx4g != '0.00')
        </if>
        <if test="dfftDx5g!=null and dfftDx5g !=''">
            and (dfft_dx5g != '0' and dfft_dx5g != '0.00')
        </if>
    </select>

    <select id="exportQrdYD" resultType="org.springblade.modules.ttdf.excel.TzxxExcelYD">
        SELECT t.*,t1.sfbzd,t1.sfqy FROM ttdf_tzxx t
        left join ttdf_jcsj_sf t1 on t.zdbm=t1.zdbm
        where 1=1
        <if test="yf!=null and yf !=''">
            and t.yf = #{yf}
        </if>
        <if test="yys!=null and yys =='移动'">
            AND (
            yys LIKE concat( '%', #{yys}, '%' )
            OR (sfyz_yd4g_ft != '0'
            and sfyz_yd4g_ft != '0.00' )
            OR (sfyz_yd5g_ft != '0'
            and sfyz_yd5g_ft != '0.00'))
        </if>
    </select>



    <resultMap id="dituMap" type="java.util.Map">

        <result column="yhbh" property="yhbh"/>
        <result column="dbbh" property="dbbh"/>
        <result column="zdbm" property="zdbm"/>
        <result column="zhm" property="zhm"/>
        <result column="yys" property="yys"/>
        <result column="gdfs" property="gdfs"/>
        <result column="sfyz_yd4g_ft" property="sfyzYd4gFt"/>
        <result column="sfyz_lt4g_ft" property="sfyzLt4gFt"/>
        <result column="sfyz_dx4g_ft" property="sfyzDx4gFt"/>
        <result column="sfyz_tzny_ft" property="sfyzTznyFt"/>
        <result column="sfyz_yd5g_ft" property="sfyzYd5gFt"/>
        <result column="sfyz_lt5g_ft" property="sfyzLt5gFt"/>
        <result column="sfyz_dx5g_ft" property="sfyzDx5gFt"/>
        <result column="sfyz_fthj" property="sfyzFthj"/>
        <result column="jingdu" property="jingdu"/>
        <result column="weidu" property="weidu"/>
    </resultMap>
    <select id="mapList" resultMap="dituMap">

        SELECT DISTINCT t1.*, t2.jingdu, t2.weidu
        FROM ttdf_tzxx t1
        left join v_qzxx t2 on t1.zdbm=t2.zzbm
        where  1=1 and t2.jingdu is not null
        <if test="dfny!=null and dfny !=''">
            and t1.yf = #{dfny}
        </if>
        <if test="qy!=null and qy !=''">
            and t1.qy = #{qy}
        </if>
        <if test="zhm!=null and zhm !=''">
            and t1.zhm like concat(concat('%', #{zhm}),'%')
        </if>

    </select>
</mapper>
