<?xml version="1.0" encoding="UTF-8"?>
<!DOCTYPE mapper PUBLIC "-//mybatis.org//DTD Mapper 3.0//EN" "http://mybatis.org/dtd/mybatis-3-mapper.dtd">
<mapper namespace="org.springblade.modules.ttdf.mapper.YcsjMapper">

    <!-- 通用查询映射结果 -->
    <resultMap id="ycsjResultMap" type="org.springblade.modules.ttdf.entity.Ycsj">
        <id column="id" property="id"/>
        <result column="clzt" property="clzt"/>
        <result column="qygds" property="qygds"/>
        <result column="qm" property="qm"/>
        <result column="zm" property="zm"/>
        <result column="qy" property="qy"/>
        <result column="bcyd" property="bcyd"/>
        <result column="dfje" property="dfje"/>
        <result column="ysje" property="ysje"/>
        <result column="zdm" property="zdm"/>
        <result column="jcsj_id" property="jcsjId"/>
    </resultMap>

    <resultMap id="ycsjResultMap1" type="org.springblade.modules.ttdf.vo.YcsjVO1">
        <id column="id" property="id"/>
        <result column="type" property="type"/>
        <result column="yw_id" property="ywId"/>
        <result column="status" property="status"/>
        <result column="sj" property="sj"/>
        <result column="zdbm" property="zdbm"/>
        <result column="zhm" property="zhm"/>
        <result column="qy" property="qy"/>
        <result column="tzftxx" property="tzftxx"/>
        <result column="qzxx" property="qzxx"/>
    </resultMap>
    <select id="selectYcsjPage1" resultMap="ycsjResultMap1">
        SELECT
            t.*,
            t1.qy,
            t1.zdbm,
            t1.zhm,
            t1.yys_code AS tzftxx,
            t2.yys_code AS qzxx
        FROM
            ttdf_ycsj t
                LEFT JOIN (
                SELECT
                    t.qy,
                    t.zdbm,
                    t.yys,t.zhm,
                    IF
                        ( locate( '移动', t.yys )> 0, 4, 0 )+
                    IF
                        ( locate( '联通', t.yys )> 0, 2, 0 )+
                    IF
                        ( locate( '电信', t.yys )> 0, 1, 0 ) AS yys_code
                FROM
                    (
                        SELECT
                            t.zdbm,
                            t.qy,t.zhm,
                            GROUP_CONCAT( t.yys ) AS yys
                        FROM
                            ttdf_tzftxx t
                        GROUP BY
                            t.zdbm,
                            t.zhm,
                            t.qy
                    ) t
            ) t1 ON t.yw_id = t1.zdbm
                LEFT JOIN (
                SELECT
                    t.zzbm,
                    t.zhm,
                    t.sj,
                    t.yys,
                    IF
                        ( locate( '移动', t.yys ) > 0, 4, 0 )+
                    IF
                        ( locate( '联通', t.yys ) > 0, 2, 0 )+
                    IF
                        ( locate( '电信', t.yys ) > 0, 1, 0 ) AS yys_code
                FROM
                    v_qzxx t
            ) t2 ON t.yw_id = t2.zzbm
        where 1=1 and t.type=1
        <if test="ycsj.id!=null">
            and t.id = #{ycsj.id}
        </if>
        <if test="ycsj.status!=null">
            and t.status = #{ycsj.status}
        </if>
        <if test="ycsj.qy!=null">
            and t1.qy = #{ycsj.qy}
        </if>
        <if test="ycsj.sj!=null">
            and t.sj like concat('%',#{ycsj.sj},'%')
        </if>
        <if test="ycsj.zdbm!=null">
            and t1.zdbm like concat('%',#{ycsj.zdbm},'%')
        </if>
        <if test="ycsj.zhm!=null">
            and t1.zhm like concat('%',#{ycsj.zhm},'%')
        </if>
    </select>


    <resultMap id="ycsjResultMap2" type="org.springblade.modules.ttdf.vo.YcsjVO2">
        <id column="id" property="id"/>
        <result column="type" property="type"/>
        <result column="yw_id" property="ywId"/>
        <result column="status" property="status"/>
        <result column="sj" property="sj"/>
        <result column="zhm" property="zhm"/>
        <result column="qy" property="qy"/>
        <result column="zdbm" property="zdbm"/>
        <result column="qzxx" property="qzxx"/>
    </resultMap>
    <select id="selectYcsjPage2" resultMap="ycsjResultMap2">
        select t.* , t1.zzbm as zdbm, t1.zhm,t1.qy,
        IF
        ( locate( '移动', t1.yys )> 0, 4, 0 )+
        IF
        ( locate( '联通', t1.yys )> 0, 2, 0 )+
        IF
        ( locate( '电信', t1.yys )> 0, 1, 0 ) AS qzxx
        from ttdf_ycsj t
        left join v_qzxx t1 on t.yw_id=t1.zzbm and t.sj=t1.sj
        where t.type=2
        <if test="ycsj.id!=null">
            and t.id = #{ycsj.id}
        </if>
        <if test="ycsj.status!=null">
            and t.status = #{ycsj.status}
        </if>
        <if test="ycsj.qy!=null">
            and t1.qy = #{ycsj.qy}
        </if>
        <if test="ycsj.sj!=null">
            and t.sj like concat('%',#{ycsj.sj},'%')
        </if>
        <if test="ycsj.zdbm!=null">
            and t1.zzbm like concat('%',#{ycsj.zdbm},'%')
        </if>
        <if test="ycsj.zhm!=null">
            and t1.zhm like concat('%',#{ycsj.zhm},'%')
        </if>
    </select>


    <resultMap id="ycsjResultMap3" type="org.springblade.modules.ttdf.vo.YcsjVO3">
        <id column="id" property="id"/>
        <result column="type" property="type"/>
        <result column="yw_id" property="ywId"/>
        <result column="status" property="status"/>
        <result column="sj" property="sj"/>
        <result column="zhm" property="zhm"/>
        <result column="zdbm" property="zdbm"/>
        <result column="qy" property="qy"/>
        <result column="yhbh" property="yhbh"/>
        <result column="sfyz_fthj" property="sfyzFthj"/>
        <result column="tzftxx" property="tzftxx"/>
    </resultMap>
    <select id="selectYcsjPage3" resultMap="ycsjResultMap3">
        select t.* , t1.zdbm, t1.zhm,t1.qy,t1.sfyz_fthj,t1.yhbh,
        IF
        ( locate( '移动', t1.yys )> 0, 4, 0 )+
        IF
        ( locate( '联通', t1.yys )> 0, 2, 0 )+
        IF
        ( locate( '电信', t1.yys )> 0, 1, 0 ) AS tzftxx
        from ttdf_ycsj t
        left join ttdf_tzxx t1 on t.yw_id=t1.zdbm and t.sj=t1.yf
        where t.type=3
        <if test="ycsj.id!=null">
            and t.id = #{ycsj.id}
        </if>
        <if test="ycsj.status!=null">
            and t.status = #{ycsj.status}
        </if>
        <if test="ycsj.qy!=null">
            and t1.qy = #{ycsj.qy}
        </if>
        <if test="ycsj.sj!=null">
            and t.sj like concat('%',#{ycsj.sj},'%')
        </if>
        <if test="ycsj.zdbm!=null">
            and t1.zdbm like concat('%',#{ycsj.zdbm},'%')
        </if>
        <if test="ycsj.zhm!=null">
            and t1.zhm like concat('%',#{ycsj.zhm},'%')
        </if>
    </select>



    <resultMap id="ycsjResultMap4" type="org.springblade.modules.ttdf.vo.YcsjVO4">
        <id column="id" property="id"/>
        <result column="type" property="type"/>
        <result column="yw_id" property="ywId"/>
        <result column="status" property="status"/>
        <result column="sj" property="sj"/>
        <result column="qm" property="qm"/>
        <result column="zm" property="zm"/>
        <result column="hbjl" property="hbjl"/>
        <result column="bcdl" property="bcdl"/>
        <result column="dfje" property="dfje"/>
        <result column="ssje" property="ssje"/>
        <result column="jffs" property="jffs"/>
        <result column="sfrq" property="sfrq"/>
        <result column="yys" property="yys"/>
        <result column="dfny" property="dfny"/>
        <result column="yhbh" property="yhbh"/>
        <result column="dbbh" property="dbbh"/>
        <result column="blx" property="blx"/>
        <result column="yddz" property="yddz"/>
        <result column="qy" property="qy"/>
        <result column="sydl" property="sydl"/>
        <result column="hbsAlias" property="hbsAlias"/>
    </resultMap>
    <select id="selectYcsjPage4" resultMap="ycsjResultMap4">
        select t.*, t1.qm, t1.zm, t1.hbjl, t1.bcdl, t1.dfje, t1.ssje, t1.jffs, t1.sfrq, t1.dfny, t1.yhbh, t1.dbbh, t1.blx,t1.yys,
               t1.yddz,  t2.qy,t1.sydl, t1.hbsAlias from ttdf_ycsj t
        left join
        (
        SELECT * FROM
        (SELECT id, yhbh, qm, zm, hbjl, bcdl, dfje, ssje, jffs, sfrq, dfny, yys, qy, dbbh, blx, yddz, yhmc,
        LAG(bcdl, 1) OVER(PARTITION BY yhbh ORDER BY sfrq) sydl,
        ROUND(ABS(100 * (bcdl - LAG(bcdl, 1) OVER(PARTITION BY yhbh ORDER BY sfrq)) / LAG(bcdl, 1) OVER(PARTITION BY yhbh ORDER BY sfrq)),2)  hbsAlias
        FROM
        ttdf_clhsj
        ) t where (t.bcdl &lt; 100 or t.hbsAlias &gt; 20)
        <if test="ycsj.sj!=null">
            and t.dfny like concat('%',#{ycsj.sj},'%')
        </if>
        )
        t1 on t.yw_id=t1.yhbh
        left join ttdf_jcsj t2 on t1.yhbh=t2.yhbh
        where t.type=4
        <if test="ycsj.id!=null">
            and t.id = #{ycsj.id}
        </if>
        <if test="ycsj.status!=null">
            and t.status = #{ycsj.status}
        </if>
        <if test="ycsj.qy!=null">
            and t2.qy = #{ycsj.qy}
        </if>
        <if test="ycsj.sj!=null">
            and t.sj like concat('%',#{ycsj.sj},'%')
        </if>
        <if test="ycsj.yhbh!=null">
            and t.yw_id like concat('%',#{ycsj.yhbh},'%')
        </if>
        <if test="ycsj.ycType==1">
            and t1.hbsAlias &gt; 20
        </if>
        <if test="ycsj.ycType==2">
            and t1.hbsAlias &gt; 50
        </if>
        <if test="ycsj.ycType==3">
            and t1.bcdl &lt; 100
        </if>

    </select>


    <resultMap id="tjResultMap" type="java.util.Map">
        <result column="wcl" property="wcl"/>
        <result column="zc" property="zc"/>
        <result column="clz" property="clz"/>
        <result column="clwb" property="clwb"/>
    </resultMap>
    <select id="ycTj" resultMap="tjResultMap">
        select COUNT(t.status=0 or null) as wcl,
        COUNT(t.status=1 or null) as zc,
        COUNT(t.status=2 or null) as clz,
        COUNT(t.status=3 or null) as clwb
        from ttdf_ycsj t
        where 1=1
        <if test="type!=null">
            and t.type = #{type}
        </if>
        <if test="dfny!=null">
            and t.sj = #{dfny}
        </if>
        <if test="qy!=null">
            and t.qy = #{qy}
        </if>
    </select>

    <resultMap id="tjResultMapByQy" type="java.util.Map">
        <result column="wcl" property="wcl"/>
        <result column="zc" property="zc"/>
        <result column="clz" property="clz"/>
        <result column="clwb" property="clwb"/>
        <result column="qy" property="qy"/>
    </resultMap>
    <select id="ycTjByQy" resultMap="tjResultMapByQy">
        SELECT
        t1.qy,
        COUNT( t.STATUS = 0 OR NULL ) AS wcl,
        COUNT( t.STATUS = 1 OR NULL ) AS zc,
        COUNT( t.STATUS = 2 OR NULL ) AS clz,
        COUNT( t.STATUS = 3 OR NULL ) AS clwb
        FROM
        ttdf_ycsj t
        <if test="type==1">
            LEFT JOIN ( SELECT DISTINCT qy, zdbm FROM ttdf_tzftxx ) t1 ON t.yw_id = t1.zdbm
        </if>
        <if test="type==2">
            left join v_qzxx t1 on t.yw_id=t1.zzbm and t.sj=t1.sj
        </if>
        <if test="type==3">
            left join ttdf_tzxx t1 on t.yw_id=t1.zdbm and t.sj=t1.yf
        </if>
        WHERE
        1 = 1
        <if test="type!=null">
            and t.type = #{type}
        </if>
        <if test="sj!=null">
            and t.sj = #{sj}
        </if>
        GROUP BY t1.qy
    </select>
</mapper>
