<?xml version="1.0" encoding="UTF-8"?>
<!DOCTYPE mapper PUBLIC "-//mybatis.org//DTD Mapper 3.0//EN" "http://mybatis.org/dtd/mybatis-3-mapper.dtd">
<mapper namespace="org.springblade.modules.ttdf.mapper.YldfMapper">

    <!-- 通用查询映射结果 -->
    <resultMap id="yldfResultMap" type="org.springblade.modules.ttdf.entity.Yldf">
        <id column="id" property="id"/>
        <result column="qy" property="qy"/>
        <result column="start_yf" property="startYf"/>
        <result column="end_yf" property="endYf"/>
        <result column="zdbm" property="zdbm"/>
        <result column="zhm" property="zhm"/>
        <result column="yys" property="yys"/>
        <result column="type" property="type"/>
        <result column="qrje" property="qrje"/>
    </resultMap>

    <resultMap id="resultMap" type="java.util.Map">
        <id column="id" property="id"/>
        <result column="qy" property="qy"/>
        <result column="start_yf" property="startYf"/>
        <result column="end_yf" property="endYf"/>
        <result column="zdbm" property="zdbm"/>
        <result column="zhm" property="zhm"/>
        <result column="yys" property="yys"/>
        <result column="type" property="type"/>
        <result column="qrje" property="qrje"/>
    </resultMap>

    <select id="selectYldfPage" resultMap="resultMap">
        SELECT * FROM ttdf_yldf t where 1=1

        <if test="yldf.startYf!=null and yldf.startYf !=''">
            and t.start_yf like concat(concat('%', #{yldf.startYf}),'%')
        </if>
        <if test="yldf.zdbm!=null and yldf.zdbm !=''">
            and t.zdbm like concat(concat('%', #{yldf.zdbm}),'%')
        </if>
        <if test="yldf.zhm!=null and yldf.zhm !=''">
            and t.zhm like concat(concat('%', #{yldf.zhm}),'%')
        </if>
    </select>

    <select id="ylList" resultMap="resultMap">
        SELECT * FROM v_yldf t where 1=1

        <if test="yldf.startYf!=null and yldf.startYf !=''">
            and t.yf like concat(concat('%', #{yldf.startYf}),'%')
        </if>
        <if test="yldf.zdbm!=null and yldf.zdbm !=''">
            and t.zdbm like concat(concat('%', #{yldf.zdbm}),'%')
        </if>
        <if test="yldf.zhm!=null and yldf.zhm !=''">
            and t.zhm like concat(concat('%', #{yldf.zhm}),'%')
        </if>
    </select>

    <resultMap id="tjResultMap" type="java.util.Map">
        <result column="ylje" property="ylje"/>
    </resultMap>
    <select id="yltj" resultMap="tjResultMap">
        SELECT IF (( round( sum(t.ylje), 2 ) IS NULL ), 0, round( sum(t.ylje), 2 )) AS ylje
        FROM v_yldf t where 1=1
        <if test="yf!=null and yf !=''">
            and t.yf like concat(concat('%', #{yf}),'%')
        </if>
        <if test="qy!=null and qy !=''">
            and t.qy like concat(concat('%', #{qy}),'%')
        </if>
    </select>

   <!-- <select id="selectYldfPage" resultMap="resultMap">
        SELECT t.yhbh,t.zdbm,t.zhm,t.yf,

        IF(ROUND(qr_yd4g, 2 ) is null,0,ROUND(qr_yd4g, 2 )) as qr_yd4g,
        IF(ROUND(qr_lt4g, 2 ) is null,0,ROUND(qr_lt4g, 2 )) as qr_lt4g,
        IF(ROUND(qr_dx4g, 2 ) is null,0,ROUND(qr_dx4g, 2 )) as qr_dx4g,
        IF(ROUND(qr_yd5g, 2 ) is null,0,ROUND(qr_yd5g, 2 )) as qr_yd5g,
        IF(ROUND(qr_lt5g, 2 ) is null,0,ROUND(qr_lt5g, 2 )) as qr_lt5g,
        IF(ROUND(qr_dx5g, 2 ) is null,0,ROUND(qr_dx5g, 2 )) as qr_dx5g,

        IF(ROUND(sfyz_yd4g_ft, 2 ) is null,0,ROUND(sfyz_yd4g_ft, 2 )) as sfyz_yd4g_ft,
        IF(ROUND(sfyz_lt4g_ft, 2 ) is null,0,ROUND(sfyz_lt4g_ft, 2 )) as sfyz_lt4g_ft,
        IF(ROUND(sfyz_dx4g_ft, 2 ) is null,0,ROUND(sfyz_dx4g_ft, 2 )) as sfyz_dx4g_ft,
        IF(ROUND(sfyz_yd5g_ft, 2 ) is null,0,ROUND(sfyz_yd5g_ft, 2 )) as sfyz_yd5g_ft,
        IF(ROUND(sfyz_lt5g_ft, 2 ) is null,0,ROUND(sfyz_lt5g_ft, 2 )) as sfyz_lt5g_ft,
        IF(ROUND(sfyz_dx5g_ft, 2 ) is null,0,ROUND(sfyz_dx5g_ft, 2 )) as sfyz_dx5g_ft,

        IF(ROUND(wqr_yd4g, 2 ) is null,0,ROUND(wqr_yd4g, 2 )) as wqr_yd4g,
        IF(ROUND(wqr_lt4g, 2 ) is null,0,ROUND(wqr_lt4g, 2 )) as wqr_lt4g,
        IF(ROUND(wqr_dx4g, 2 ) is null,0,ROUND(wqr_dx4g, 2 )) as wqr_dx4g,
        IF(ROUND(wqr_yd5g, 2 ) is null,0,ROUND(wqr_yd5g, 2 )) as wqr_yd5g,
        IF(ROUND(wqr_lt5g, 2 ) is null,0,ROUND(wqr_lt5g, 2 )) as wqr_lt5g,
        IF(ROUND(wqr_dx5g, 2 ) is null,0,ROUND(wqr_dx5g, 2 )) as wqr_dx5g
        FROM v_yldf t where 1=1
        and
            (t.wqr_dx4g>0
        or t.wqr_dx5g>0
        or t.wqr_lt4g>0
        or t.wqr_lt5g>0
        or t.wqr_yd4g>0
        or t.wqr_yd5g>0
        or t.qr_dx4g is NULL
        or t.qr_dx5g is NULL
        or t.qr_lt4g is NULL
        or t.qr_lt5g is NULL
        or t.qr_yd4g is NULL
        or t.qr_yd5g is NULL)
        AND (
        t.sfyz_yd4g_ft > 0
        OR t.sfyz_lt4g_ft > 0
        OR t.sfyz_dx4g_ft > 0
        OR t.sfyz_yd5g_ft > 0
        OR t.sfyz_lt5g_ft > 0
        OR t.sfyz_dx5g_ft  > 0
        )
        <if test="yldf.yf!=null and yldf.yf !=''">
            and t.yf like concat(concat('%', #{yldf.yf}),'%')
        </if>
        <if test="yldf.yhbh!=null and yldf.yhbh !=''">
            and t.yhbh like concat(concat('%', #{yldf.yhbh}),'%')
        </if>
        <if test="yldf.zdbm!=null and yldf.zdbm !=''">
            and t.zdbm like concat(concat('%', #{yldf.zdbm}),'%')
        </if>
        <if test="yldf.zhm!=null and yldf.zhm !=''">
            and t.zhm like concat(concat('%', #{yldf.zhm}),'%')
        </if>
    </select>-->

<!--
    <resultMap id="qrdCount" type="java.util.Map">
        <result column="qrdCount" property="qrdCount"/>
    </resultMap>
    <select id="qrdCount" resultMap="qrdCount">
        SELECT
        count(*) as qrdCount
        FROM
        v_qrd t
        where 1=1
        <if test="yf!=null and yf !=''">
            and t.yf = #{yf}
        </if>
    </select>
    -->
</mapper>
