<?xml version="1.0" encoding="UTF-8"?>
<!DOCTYPE mapper PUBLIC "-//mybatis.org//DTD Mapper 3.0//EN" "http://mybatis.org/dtd/mybatis-3-mapper.dtd">
<mapper namespace="org.springblade.modules.ttdf.mapper.YssjMapper">

    <!-- 通用查询映射结果 -->
    <resultMap id="yssjResultMap" type="org.springblade.modules.ttdf.vo.YssjVO">
        <!--原始数据表中的字段-->
        <id column="id" property="id"/>
        <result column="qm" property="qm"/>
        <result column="zm" property="zm"/>
        <result column="hbjl" property="hbjl"/>
        <result column="bcdl" property="bcdl"/>
        <result column="dfje" property="dfje"/>
        <result column="ssje" property="ssje"/>
        <result column="jffs" property="jffs"/>
        <result column="sfrq" property="sfrq"/>
        <result column="dfny" property="dfny"/>
        <result column="yhbh" property="yhbh"/>
        <result column="dbbh" property="dbbh"/>
        <result column="blx" property="blx"/>
        <result column="yddz" property="yddz"/>
        <result column="yys" property="yys"/>
        <result column="qy" property="qy"/>
        <result column="yhmc" property="yhmc"/>
    </resultMap>


    <select id="selectYssjPage" resultMap="yssjResultMap">
        SELECT t1.*
        FROM ttdf_yssj t1
        WHERE 1=1
        <if test="yssj.yhbh!=null and yssj.yhbh !=''">
            and t1.yhbh like concat(concat('%', #{yssj.yhbh}),'%')
        </if>
        <if test="yssj.dfny!=null and yssj.dfny !=''">
            and t1.dfny like concat(concat('%', #{yssj.dfny}),'%')
        </if>
        <if test="yssj.hbjl!=null and yssj.hbjl !=''">
            and (t1.hbjl is not null and t1.hbjl!='')
        </if>
        <if test="yssj.qy!=null and yssj.qy !=''">
            and t1.qy = #{yssj.qy}
        </if>
        <if test="yssj.yys!=null and yssj.yys !=''">
            and t1.yys like concat(concat('%', #{yssj.yys}),'%')
        </if>
        <if test="yssj.yddz!=null and yssj.yddz !=''">
            and t1.yddz like concat(concat('%', #{yssj.yddz}),'%')
        </if>
        <if test="yssj.dbbh!=null and yssj.dbbh !=''">
            and t1.dbbh like concat(concat('%', #{yssj.dbbh}),'%')
        </if>
        order by t1.dfny desc, t1.qy
    </select>

    <select id="selectYssjHBPage" resultMap="yssjResultMap">
        SELECT * FROM
        (
        SELECT t2.* FROM
        (SELECT t.yhbh, COUNT(*) as sum FROM v_yysj t
        WHERE 1=1
        <if test="yssj.dfny!=null and yssj.dfny !=''">
            and t.dfny like concat(concat('%', #{yssj.dfny}),'%')
        </if>
        <if test="yssj.qy!=null and yssj.qy !=''">
            and t.qy = #{yssj.qy}
        </if>
        <if test="yssj.yhbh!=null and yssj.yhbh !=''">
            and t.yhbh like concat(concat('%', #{yssj.yhbh}),'%')
        </if>
        <if test="yssj.yys!=null and yssj.yys !=''">
            and t.yys like concat(concat('%', #{yssj.yys}),'%')
        </if>
        <if test="yssj.yddz!=null and yssj.yddz !=''">
            and t.yddz like concat(concat('%', #{yssj.yddz}),'%')
        </if>
        <if test="yssj.dbbh!=null and yssj.dbbh !=''">
            and t.dbbh like concat(concat('%', #{yssj.dbbh}),'%')
        </if>
        GROUP BY t.yhbh HAVING COUNT(*)>1) t1
        left join v_yysj t2 on t1.yhbh=t2.yhbh
        WHERE 1=1
        <if test="yssj.dfny!=null and yssj.dfny !=''">
            and t2.dfny like concat(concat('%', #{yssj.dfny}),'%')
        </if>
        <if test="yssj.qy!=null and yssj.qy !=''">
            and t2.qy = #{yssj.qy}
        </if>
        <if test="yssj.yhbh!=null and yssj.yhbh !=''">
            and t2.yhbh like concat(concat('%', #{yssj.yhbh}),'%')
        </if>
        <if test="yssj.yys!=null and yssj.yys !=''">
            and t2.yys like concat(concat('%', #{yssj.yys}),'%')
        </if>
        <if test="yssj.yddz!=null and yssj.yddz !=''">
            and t2.yddz like concat(concat('%', #{yssj.yddz}),'%')
        </if>
        ) t
    </select>

    <delete id="removeByQY">
        delete  from ttdf_yssj
        where ttdf_yssj.dfny=#{dfny}
          and ttdf_yssj.yhbh IN(
            select yhbh from ttdf_jcsj where  ttdf_jcsj.qy=#{qy}
        )
    </delete>




    <resultMap id="yssjResultMap1" type="org.springblade.modules.ttdf.entity.Yssj">
        <!--原始数据表中的字段-->
        <id column="id" property="id"/>
        <result column="qm" property="qm"/>
        <result column="zm" property="zm"/>
        <result column="hbjl" property="hbjl"/>
        <result column="bcdl" property="bcdl"/>
        <result column="dfje" property="dfje"/>
        <result column="ssje" property="ssje"/>
        <result column="jffs" property="jffs"/>
        <result column="sfrq" property="sfrq"/>
        <result column="dfny" property="dfny"/>
        <result column="yhbh" property="yhbh"/>
        <result column="dbbh" property="dbbh"/>
        <result column="blx" property="blx"/>
        <result column="yddz" property="yddz"/>
        <result column="yys" property="yys"/>
        <result column="qy" property="qy"/>
        <result column="yhmc" property="yhmc"/>
    </resultMap>


    <select id="listNoHB" resultMap="yssjResultMap1">
        SELECT t2.* FROM
        (SELECT t.yhbh, COUNT(*) as sum FROM v_yysj t
        WHERE 1=1
        <if test="dfny!=null and dfny !=''">
            and t.dfny like concat(concat('%', #{dfny}),'%')
        </if>
        <if test="qy!=null and qy !=''">
            and t.qy = #{qy}
        </if>
        GROUP BY t.yhbh HAVING COUNT(*)=1) t1
        left join v_yysj t2 on t1.yhbh=t2.yhbh
        WHERE 1=1
        <if test="dfny!=null and dfny !=''">
            and t2.dfny like concat(concat('%', #{dfny}),'%')
        </if>
        <if test="qy!=null and qy !=''">
            and t2.qy = #{qy}
        </if>
    </select>

    <select id="listHB" resultMap="yssjResultMap1">
        SELECT distinct t2.yhbh FROM
        (SELECT t.yhbh, COUNT(*) as sum FROM v_yysj t
        WHERE 1=1
        <if test="dfny!=null and dfny !=''">
            and t.dfny like concat(concat('%', #{dfny}),'%')
        </if>
        <if test="qy!=null and qy !=''">
            and t.qy = #{qy}
        </if>
        GROUP BY t.yhbh HAVING COUNT(*)>1) t1
        left join v_yysj t2 on t1.yhbh=t2.yhbh
        WHERE 1=1
        <if test="dfny!=null and dfny !=''">
            and t2.dfny like concat(concat('%', #{dfny}),'%')
        </if>
        <if test="qy!=null and qy !=''">
            and t2.qy = #{qy}
        </if>
    </select>


    <resultMap id="selectResultMap" type="java.util.Map">
        <result column="yhbh" property="yhbh"/>
        <result column="yys" property="yys"/>
        <result column="yddz" property="yddz"/>
        <result column="dbbh" property="dbbh"/>
    </resultMap>
    <select id="queryYhbh" resultMap="selectResultMap">
        select distinct yhbh from ttdf_yssj
        where 1=1
        <if test="yhbh!=null">
            and yhbh like concat('%',#{yhbh},'%')
        </if>
        <if test="yys!=null">
            and yys like concat('%',#{yys},'%')
        </if>
        <if test="yddz!=null">
            and yddz like concat('%',#{yddz},'%')
        </if>
        <if test="dbbh!=null">
            and dbbh like concat('%',#{dbbh},'%')
        </if>
    </select>
    <select id="queryYys" resultMap="selectResultMap">
        select distinct yys from ttdf_yssj
        where 1=1
        <if test="yhbh!=null">
            and yhbh like concat('%',#{yhbh},'%')
        </if>
        <if test="yys!=null">
            and yys like concat('%',#{yys},'%')
        </if>
        <if test="yddz!=null">
            and yddz like concat('%',#{yddz},'%')
        </if>
        <if test="dbbh!=null">
            and dbbh like concat('%',#{dbbh},'%')
        </if>
    </select>
    <select id="queryYddz" resultMap="selectResultMap">
        select distinct yddz from ttdf_yssj
        where 1=1
        <if test="yhbh!=null">
            and yhbh like concat('%',#{yhbh},'%')
        </if>
        <if test="yys!=null">
            and yys like concat('%',#{yys},'%')
        </if>
        <if test="yddz!=null">
            and yddz like concat('%',#{yddz},'%')
        </if>
        <if test="dbbh!=null">
            and dbbh like concat('%',#{dbbh},'%')
        </if>
    </select>
    <select id="queryDbbh" resultMap="selectResultMap">
        select distinct dbbh from ttdf_yssj
        where 1=1
        <if test="yhbh!=null">
            and yhbh like concat('%',#{yhbh},'%')
        </if>
        <if test="yys!=null">
            and yys like concat('%',#{yys},'%')
        </if>
        <if test="yddz!=null">
            and yddz like concat('%',#{yddz},'%')
        </if>
        <if test="dbbh!=null">
            and dbbh like concat('%',#{dbbh},'%')
        </if>
    </select>




</mapper>
